{"iter":980,"dual_objective":1.3992166730795974e+23,"feasibility":2.6443281453403245e-09,"_timestamp":1.7302680734546404e+09,"_runtime":1.5637645,"_step":49,"_wandb":{"runtime":1}}